{
    "codes": {
      "CSTE": "Centre de Santé Hors Dentaire",
      "CSSE": "Centre de Santé et Soins externes hors prothèse dentaire",
      "TPNOE": "Pratique du Tiers Payant via le Régime Obligatoire",
      "LPPS": "Fournisseur sauf opticien et audioprothésiste",
      "TRAN": "Transporteur Sanitaire",
      "TRA": "Transporteur Sanitaire",
      "TRANS": "Transporteur Sanitaire",
      "DIV": "Transporteur Sanitaire et Fournisseur sauf opticien et audioprothésiste",
      "LPP": "Petit Appareillage",
      "PHAR": "Pharmacie Remboursable",
      "RLAX": "Laboratoire, Radiologue, Auxiliaire médical",
      "LARA": "Acte de Laboratoire et de Radiologie",
      "AUX": "Auxiliaires Médicaux (Infirmiers, Masseurs Kinésithérapeutes, Orthophonistes, Pédicures et Aides Orthophonistes)",
      "AUXM": "Auxiliaires Médicaux (Infirmiers, Masseurs Kinésithérapeutes, Orthophonistes, Pédicures et Aides Orthophonistes)",
      "EXTE": "Soins Externe sauf prothèse dentaire",
      "SE": "Soins Externes",
      "SOIE": "Soins Externes",
      "SAGE": "Sage femme",
      "RAD": "Radiologie hors SE",
      "RADL": "Radiologie hors SE",
      "BIO": "Biologie hors SE",
      "MK": "Masseur Kinésithérapeutes",
      "SVIL": "Sage femme, Laboratoire, Radiologie, Auxiliaires Médicaux, Fournisseur sauf opticien et audioprothésiste",
      "CURE": "Cure Thermale",
      "AUD": "Audioprothèse",
      "AUDI": "Audioprothèse",
      "PROA": "Audioprothèse",
      "DENT": "Dentaire",
      "SDENT": "Soins Dentaires",
      "DESO": "Soins Dentaires",
      "SOID": "Soins Dentaires",
      "DEOR": "Orthodontie",
      "DEPR": "Prothèse Dentaires",
      "PROD": "Prothèse Dentaires",
      "OPT": "Optique",
      "OPTI": "Optique",
      "ODEA": "Optique, Dentaire et Audioprothèse",
      "OPAU": "Optique, Audioprothèse",
      "OPDE": "Optique, Dentaire",
      "MED": "Médecin Généraliste et Spécialiste",
      "MGS": "Médecin Généraliste et Spécialiste",
      "MEDE": "Médecin Généraliste et Spécialiste",
      "MG": "Médecin Généraliste",
      "MS": "Médecin Spécialiste",
      "COSL": "Consultations et Visites, Actes Medicaux",
      "CONG": "Consultations Généralistes",
      "COGE": "Consultations Généralistes",
      "CONS": "Consultations Spécialistes",
      "COSP": "Consultations Spécialistes",
      "CHAM": "Chambre Particulière",
      "CHIR": "Hospitalisation Chirurgicale",
      "FORF": "Forfait Hospitalier",
      "HOCF": "Hospitalisation + Forfait Hospitalier",
      "HOSP": "Hospitalisation hors soins externes",
      "HOSM": "Hospitalisation Médicale",
      "HOSD": "Supplément d'Honoraires",
      "NNI": "Numéro de Sécurité Sociale",
      "AMC": "Assurance Maladie Complémentaire",
      "AMO": "Assurance Maladie Obligatoire",
      "R": "Contrat Responsable",
      "CONV": "Convention",
      "OC": "Organisme Complémentaire",
      "TM": "Ticket Modérateur",
      "PS": "Professionnel de Santé",
      "SS": "Sécurité Sociale",
      "SP": "SP Santé",
      "SC": "SantéClair",
      "AL": "Almerys",
      "VM": "Viamedis",
      "CB": "Carte Blanche",
      "TS": "TP+ (TP plus)",
      "IT": "Itelis",
      "IS": "Isanté",
      "SE": "Sévéane",
      "GG": "Gie Groupama Tpg"
    }
  }