[
    {
        "code": "784360661",
        "label": "Mutuelle UNC"
    },
    {
        "code": "782753610",
        "label": "MUTUELLE DE LA PENNE HUVEAUNE"
    },
    {
        "code": "44259",
        "label": "MMA ENTREPRISE"
    },
    {
        "code": "401018",
        "label": "VERSPIEREN"
    },
    {
        "code": "401026",
        "label": "GRAS SAVOYE"
    },
    {
        "code": "401026",
        "label": "WTW France(Ex Gras Savoye)"
    },
    {
        "code": "401026",
        "label": "WILLIS TOWER WATSON FRANCE"
    },
    {
        "code": "401059",
        "label": "CGRM"
    },
    {
        "code": "401067",
        "label": "APRIL ENTREPRISE"
    },
    {
        "code": "401125",
        "label": "HELIUM"
    },
    {
        "code": "401141",
        "label": "FILHET-ALLARD & Cie"
    },
    {
        "code": "401166",
        "label": "BALOO"
    },
    {
        "code": "401182",
        "label": "AON GESTION"
    },
    {
        "code": "401182",
        "label": "AON HEWITT (ex AON CONSEIL)"
    },
    {
        "code": "401182",
        "label": "AON"
    },
    {
        "code": "401216",
        "label": "Colonna Facility"
    },
    {
        "code": "401216",
        "label": "ALMERYS\/CGAM"
    },
    {
        "code": "401216",
        "label": "CGAM"
    },
    {
        "code": "401323",
        "label": "SG Sante-Geoz"
    },
    {
        "code": "401323",
        "label": "AGEO\/SG SANTE"
    },
    {
        "code": "401331",
        "label": "Generation"
    },
    {
        "code": "401398",
        "label": "MERCER"
    },
    {
        "code": "401448",
        "label": "CPMS"
    },
    {
        "code": "401471",
        "label": "BCAC"
    },
    {
        "code": "401547",
        "label": "STE FRANCAISE DE PREVENTION"
    },
    {
        "code": "401547",
        "label": "SFP"
    },
    {
        "code": "401554",
        "label": "GEREP"
    },
    {
        "code": "401653",
        "label": "APRIL SOLUTIONS ENTREPRISES"
    },
    {
        "code": "401687",
        "label": "ROEDERER SAS"
    },
    {
        "code": "401737",
        "label": "PLANSANTE"
    },
    {
        "code": "401737",
        "label": "GFP INTERIALE"
    },
    {
        "code": "401752",
        "label": "AIAC"
    },
    {
        "code": "401778",
        "label": "APS Prevoyance"
    },
    {
        "code": "401877",
        "label": "UNI SANTE PREVOYANCE"
    },
    {
        "code": "401877",
        "label": "UNISANTE"
    },
    {
        "code": "401885",
        "label": "ASSURASUD"
    },
    {
        "code": "401943",
        "label": "CENTRE LORRAIN DE PREVOYANCE"
    },
    {
        "code": "402024",
        "label": "GESTASSUR (ex A.P.C.I.)"
    },
    {
        "code": "402024",
        "label": "GESTASSUR"
    },
    {
        "code": "402040",
        "label": "LUXIOR ASSURANCES"
    },
    {
        "code": "402040",
        "label": "LUXIOR"
    },
    {
        "code": "402081",
        "label": "TG-ASSUR"
    },
    {
        "code": "402131",
        "label": "GGA"
    },
    {
        "code": "402180",
        "label": "E.G.C.A. GESTION"
    },
    {
        "code": "402370",
        "label": "APRIL ENTREPRISE CARAIBES"
    },
    {
        "code": "402370",
        "label": "APRIL ENTREPRISE CARAIBE"
    },
    {
        "code": "402396",
        "label": "AGGEMA"
    },
    {
        "code": "402412",
        "label": "UCR"
    },
    {
        "code": "402503",
        "label": "GIEPS (ASAF AFPS APRS ACBS MSC"
    },
    {
        "code": "402511",
        "label": "SOGAREP"
    },
    {
        "code": "402537",
        "label": "HENNER GMC"
    },
    {
        "code": "402677",
        "label": "UNIASSUR"
    },
    {
        "code": "402701",
        "label": "DYNALIS EX SAPIA GESTION"
    },
    {
        "code": "402727",
        "label": "GENASSUR"
    },
    {
        "code": "402818",
        "label": "APRIL ENTREPRISE PREVOYANCE"
    },
    {
        "code": "402826",
        "label": "HEMOS"
    },
    {
        "code": "402826",
        "label": "MBPS"
    },
    {
        "code": "402842",
        "label": "GPS HCR"
    },
    {
        "code": "402842",
        "label": "ALMERYS\/GPS HCR"
    },
    {
        "code": "402875",
        "label": "GESTINEO"
    },
    {
        "code": "402883",
        "label": "CETIM"
    },
    {
        "code": "402925",
        "label": "COGEVIE"
    },
    {
        "code": "402941",
        "label": "IGA GESTION"
    },
    {
        "code": "402958",
        "label": "COLLECTEAM"
    },
    {
        "code": "402991",
        "label": "APRIL SANTE PREVOYANCE"
    },
    {
        "code": "403154",
        "label": "iGestion Sante"
    },
    {
        "code": "403220",
        "label": "SIGMAGE"
    },
    {
        "code": "403246",
        "label": "BENEFIZ"
    },
    {
        "code": "403261",
        "label": "GROUPE CEP IASSURE"
    },
    {
        "code": "403261",
        "label": "IASSURE AESIO"
    },
    {
        "code": "403261",
        "label": "WAKAM"
    },
    {
        "code": "403295",
        "label": "OWELLO"
    },
    {
        "code": "403303",
        "label": "ALMERYS\/Colonna partners"
    },
    {
        "code": "410001",
        "label": "ALLIANZ (ex AGF)"
    },
    {
        "code": "410985",
        "label": "Allianz Outre Mer"
    },
    {
        "code": "410993",
        "label": "ALLIANZ IGESTION"
    },
    {
        "code": "411595",
        "label": "ASSU 2000"
    },
    {
        "code": "420000",
        "label": "AXA"
    },
    {
        "code": "440008",
        "label": "MMA PRESTATION SANTE"
    },
    {
        "code": "453001",
        "label": "ASCOMA"
    },
    {
        "code": "482018",
        "label": "Carte Blanche"
    },
    {
        "code": "490003",
        "label": "ABEILLE IARD & SANTE"
    },
    {
        "code": "733931",
        "label": "ISANTE"
    },
    {
        "code": "733931",
        "label": "IGESTION - IRCEM"
    },
    {
        "code": "733931",
        "label": "IGESTION - CONTRAT GROUPE"
    },
    {
        "code": "733931",
        "label": "IGESTION - LA BANQUE POSTALE"
    },
    {
        "code": "733931",
        "label": "IGESTION - MHV\/ SMACL SANTE"
    },
    {
        "code": "733931",
        "label": "IGESTION - KLESIA MUT"
    },
    {
        "code": "733931",
        "label": "IGESTION - MA MUTUELLE MGEN"
    },
    {
        "code": "733931",
        "label": "IGESTION - MGEN ISTYA COLL"
    },
    {
        "code": "733931",
        "label": "WILLIS TOWERS WATSON ISANTE"
    },
    {
        "code": "733931",
        "label": "PLEYEL SANTE (MIPCF)"
    },
    {
        "code": "733931",
        "label": "MPI"
    },
    {
        "code": "733931",
        "label": "IGESTION - ASSUREURS-NUM"
    },
    {
        "code": "920101",
        "label": "ENTIS"
    },
    {
        "code": "1400001",
        "label": "ACM IARD S.A."
    },
    {
        "code": "2420008",
        "label": "MAPA"
    },
    {
        "code": "2420016",
        "label": "MAB ex RCBF"
    },
    {
        "code": "3430006",
        "label": "PACIFICA"
    },
    {
        "code": "3800000",
        "label": "HUMANIS PREVOYANCE"
    },
    {
        "code": "4400008",
        "label": "MUTUELLE DE POITIERS ASSURANCE"
    },
    {
        "code": "4420006",
        "label": "AREAS ASSURANCES"
    },
    {
        "code": "4490009",
        "label": "SERENIS ASSURANCES"
    },
    {
        "code": "5410006",
        "label": "LA MEDICALE DE FRANCE"
    },
    {
        "code": "6492128",
        "label": "METLIFE"
    },
    {
        "code": "7430002",
        "label": "THELEM"
    },
    {
        "code": "8420002",
        "label": "GMF ASSURANCES"
    },
    {
        "code": "8460008",
        "label": "QUATREM"
    },
    {
        "code": "9420001",
        "label": "GROUPAMA"
    },
    {
        "code": "9470006",
        "label": "GAN"
    },
    {
        "code": "13101092",
        "label": "MUTUELLE MARSEILLE METROPOLE"
    },
    {
        "code": "13400007",
        "label": "SMABTP VIE"
    },
    {
        "code": "22001226",
        "label": "MPOS ST BRIEUC CARTE ALMERYS"
    },
    {
        "code": "35003086",
        "label": "MBA MUTUELLE"
    },
    {
        "code": "35003086",
        "label": "MBA"
    },
    {
        "code": "39005296",
        "label": "AMELLIS"
    },
    {
        "code": "40992356",
        "label": "AVENIR SANTE"
    },
    {
        "code": "48374733",
        "label": "RADIANCE GROUPE HUMANIS GRAND"
    },
    {
        "code": "51907889",
        "label": "MUTUELLE DES SERVICES DE REIMS"
    },
    {
        "code": "51996940",
        "label": "SMARIP"
    },
    {
        "code": "59017475",
        "label": "JUST EN FAMILLE"
    },
    {
        "code": "67850008",
        "label": "IPSEC"
    },
    {
        "code": "68119619",
        "label": "MUTA SANTE"
    },
    {
        "code": "69069953",
        "label": "MTRL"
    },
    {
        "code": "69906121",
        "label": "ACTIL"
    },
    {
        "code": "69987675",
        "label": "UITSEM\/SMERRA"
    },
    {
        "code": "75033803",
        "label": "MFIF"
    },
    {
        "code": "75043539",
        "label": "MIE"
    },
    {
        "code": "75048538",
        "label": "GFA CARAIBES"
    },
    {
        "code": "75049652",
        "label": "CNM"
    },
    {
        "code": "75148530",
        "label": "MUTUELLE DE FRANCE R.LENOIR"
    },
    {
        "code": "75809145",
        "label": "Korelio"
    },
    {
        "code": "75809426",
        "label": "Signataire TERCIANE"
    },
    {
        "code": "75810127",
        "label": "REUNICA"
    },
    {
        "code": "75932194",
        "label": "SMI"
    },
    {
        "code": "75939959",
        "label": "LMF - UMANENS"
    },
    {
        "code": "75939959",
        "label": "KLESIA LA MUTUELLE FAMILIALE"
    },
    {
        "code": "75939959",
        "label": "LA MUTUELLE FAMILIALE"
    },
    {
        "code": "75943951",
        "label": "REUNICA"
    },
    {
        "code": "75949776",
        "label": "HENNER-GMC"
    },
    {
        "code": "75949776",
        "label": "HENNER"
    },
    {
        "code": "75950444",
        "label": "MUTUELLE HUMANIS NATIONALE"
    },
    {
        "code": "75950444",
        "label": "MALAKOFF HUMANIS NATIONALE"
    },
    {
        "code": "75950774",
        "label": "AMPLI"
    },
    {
        "code": "75950923",
        "label": "GROUPE PASTEUR MUTUALITE"
    },
    {
        "code": "75987651",
        "label": "UITSEM\/MAGE"
    },
    {
        "code": "75990010",
        "label": "VIAMEDIS SANTE"
    },
    {
        "code": "76002279",
        "label": "MUTUELLE GRAND PORT DU HAVRE"
    },
    {
        "code": "77001287",
        "label": "LA MUTUELLE DE BAGNEAUX (LMDB)"
    },
    {
        "code": "79003539",
        "label": "MAAF SANTE"
    },
    {
        "code": "79031401",
        "label": "HFP"
    },
    {
        "code": "84003321",
        "label": "Mutuelle Generale d Avignon"
    },
    {
        "code": "88102595",
        "label": "SO LYON"
    },
    {
        "code": "88809215",
        "label": "CIPREV"
    },
    {
        "code": "92000215",
        "label": "MUTUELLE RENAULT"
    },
    {
        "code": "93800019",
        "label": "APGIS"
    },
    {
        "code": "95000430",
        "label": "MUTUELLE PMIF"
    },
    {
        "code": "95000430",
        "label": "PMIF"
    },
    {
        "code": "95897138",
        "label": "KLESIA PREVOYANCE"
    },
    {
        "code": "96850003",
        "label": "REUNICA"
    },
    {
        "code": "97001457",
        "label": "Mutuelle Mare Gaillard"
    },
    {
        "code": "97040079",
        "label": "Union Mutualite Solidarite"
    },
    {
        "code": "97810204",
        "label": "MUTUELLE CRP"
    },
    {
        "code": "97810204",
        "label": "Caisse Reunionnaise Prevoyance"
    },
    {
        "code": "97810204",
        "label": "CRC"
    },
    {
        "code": "97810998",
        "label": "MUTUELLE VEOLIA TRANSDEV"
    },
    {
        "code": "97890016",
        "label": "IPECA PREVOYANCE"
    },
    {
        "code": "98532001",
        "label": "ALMERYS\/CEGEMA"
    },
    {
        "code": "98532001",
        "label": "ALMERYS\/MACIF MPIBM"
    },
    {
        "code": "98532001",
        "label": "Signataire Almerys"
    },
    {
        "code": "98532001",
        "label": "ALMERYS\/SURAVENIR"
    },
    {
        "code": "98532001",
        "label": "ALMERYS\/VERSPIEREN"
    },
    {
        "code": "98532001",
        "label": "ALMERYS\/CSC TESSI"
    },
    {
        "code": "98532001",
        "label": "ALMERYS\/MACIF BPCEA"
    },
    {
        "code": "98532001",
        "label": "ALMERYS\/ALAN"
    },
    {
        "code": "98532001",
        "label": "ALMERYS\/MMJ"
    },
    {
        "code": "98532001",
        "label": "ALMERYS\/Les Menages Prevoyants"
    },
    {
        "code": "98532001",
        "label": "ALMERYS\/SOGECAP TESSI"
    },
    {
        "code": "98532001",
        "label": "ALMERYS\/ VIASANTE"
    },
    {
        "code": "98532001",
        "label": "ALMERYS\/MACIF MMS"
    },
    {
        "code": "98532001",
        "label": "ALMERYS\/CNP TESSI"
    },
    {
        "code": "98532001",
        "label": "ALMERYS\/CPMS"
    },
    {
        "code": "98532001",
        "label": "ALMERYS\/MMH"
    },
    {
        "code": "98532001",
        "label": "ALMERYS\/MBTP"
    },
    {
        "code": "98532001",
        "label": "ALMERYS\/MUTUALE"
    },
    {
        "code": "98532001",
        "label": "ALMERYS\/MACIF APIVIA"
    },
    {
        "code": "98532001",
        "label": "ALMERYS\/ OWLIANCE MME"
    },
    {
        "code": "98532001",
        "label": "ALMERYS\/SOLIDARITE MUTUALISTE"
    },
    {
        "code": "98532001",
        "label": "ALMERYS\/ CERGAP GESTION"
    },
    {
        "code": "98532001",
        "label": "ALMERYS"
    },
    {
        "code": "98532001",
        "label": "ALMERYS\/FMP"
    },
    {
        "code": "98532001",
        "label": "ALMERYS\/Gras Savoye"
    },
    {
        "code": "98532001",
        "label": "ALMERYS\/CAMIEG"
    },
    {
        "code": "98532001",
        "label": "ALMERYS\/AESIO Mutuelle"
    },
    {
        "code": "98532001",
        "label": "ALMERYS\/Saint Honore"
    },
    {
        "code": "98532001",
        "label": "ALMERYS\/ECA"
    },
    {
        "code": "98532001",
        "label": "ALMERYS\/HEMOS"
    },
    {
        "code": "98532001",
        "label": "ALMERYS\/GESTINEO"
    },
    {
        "code": "98532001",
        "label": "ALMERYS\/GROUPE FRANCE MUTUELLE"
    },
    {
        "code": "98532001",
        "label": "ALMERYS\/ENTORIA"
    },
    {
        "code": "98532001",
        "label": "ALMERYS\/AG2R et VIASANTE"
    },
    {
        "code": "98532001",
        "label": "ALMERYS\/SAMBO"
    },
    {
        "code": "98532001",
        "label": "ALMERYS\/GFP"
    },
    {
        "code": "98532001",
        "label": "ALMERYS\/MUTAME"
    },
    {
        "code": "98532001",
        "label": "SMH\/ALMERYS"
    },
    {
        "code": "98532001",
        "label": "ALMERYS\/April mobilite"
    },
    {
        "code": "98532001",
        "label": "ALMERYS\/ALLIANZ TESSI"
    },
    {
        "code": "98532203",
        "label": "Swiss Life"
    },
    {
        "code": "98532203",
        "label": "Carte Blanche"
    },
    {
        "code": "98534803",
        "label": "Carte Blanche"
    },
    {
        "code": "98534803",
        "label": "CEGEMA"
    },
    {
        "code": "301862769",
        "label": "SMH"
    },
    {
        "code": "302476536",
        "label": "LA MUTUELLE CATALANE"
    },
    {
        "code": "302976568",
        "label": "MUTUELLE CENTRALE FINANCES MCF"
    },
    {
        "code": "302976592",
        "label": "AVENIR MUTUELLE"
    },
    {
        "code": "308187392",
        "label": "VIASANTE CENTRE GESTION RODEZ"
    },
    {
        "code": "308708650",
        "label": "MCLR"
    },
    {
        "code": "309104099",
        "label": "LA MUTUELLE VERTE"
    },
    {
        "code": "309244648",
        "label": "MUTUELLE ENTRENOUS"
    },
    {
        "code": "311799878",
        "label": "AESIO Mutuelle ex ADREA"
    },
    {
        "code": "311799878",
        "label": "ADREA LANGUEDOC ROUSSILLON"
    },
    {
        "code": "311799878",
        "label": "ADREA BOURGOGNE"
    },
    {
        "code": "311799878",
        "label": "ADREA MUTUELLES"
    },
    {
        "code": "311799878",
        "label": "ADREA FRANCHE COMTE"
    },
    {
        "code": "311799878",
        "label": "ADREA CENTRE AUVERGNE"
    },
    {
        "code": "311799878",
        "label": "ADREA NORMANDIE PAYS DE LOIRE"
    },
    {
        "code": "314246489",
        "label": "FAMILIALE RHODIA CARTE ALMERYS"
    },
    {
        "code": "314765546",
        "label": "MCRN Mut Cheminots Regn Nantes"
    },
    {
        "code": "315191015",
        "label": "MUTUELLE VICTOR HUGO"
    },
    {
        "code": "315519231",
        "label": "Mutuelle La CHOLETAISE"
    },
    {
        "code": "317255230",
        "label": "MUTUELLE GENERALE DE LA CORSE"
    },
    {
        "code": "317442176",
        "label": "AESIO MUTUELLE EX EOVI MCD"
    },
    {
        "code": "317442176",
        "label": "EOVI CARTE ALMERYS"
    },
    {
        "code": "317442176",
        "label": "EOVI"
    },
    {
        "code": "317442176",
        "label": "EOVI-MCD"
    },
    {
        "code": "320377906",
        "label": "MGPS"
    },
    {
        "code": "320377906",
        "label": "MUTUELLE GENERALE DE PREVOYANC"
    },
    {
        "code": "321073470",
        "label": "MUTUALITE DE LA REUNION"
    },
    {
        "code": "324042621",
        "label": "TN MUT TRANSPORTS NICOIS"
    },
    {
        "code": "324593979",
        "label": "UFR"
    },
    {
        "code": "325697258",
        "label": "MUTUELLE D ARGENSON"
    },
    {
        "code": "325697258",
        "label": "MUTUELLE D'ARGENSON"
    },
    {
        "code": "325697258",
        "label": "SMFEP  Mutuelle d Argenson"
    },
    {
        "code": "330929845",
        "label": "MUTUELLE MFTSV"
    },
    {
        "code": "331901942",
        "label": "MUTUELLE INTERPRO PREVOYANCE"
    },
    {
        "code": "333212561",
        "label": "Mutuelle de Pontoise"
    },
    {
        "code": "341020667",
        "label": "MUTUELLE ALSTOM RATEAU"
    },
    {
        "code": "342211265",
        "label": "MUTLOR"
    },
    {
        "code": "344008511",
        "label": "MUTUELLE MFIE"
    },
    {
        "code": "347391948",
        "label": "MUT CHU HOPITAUX PUY DE DOME"
    },
    {
        "code": "347391948",
        "label": "MUT CHU HOPITAUX PUY DE DOME K"
    },
    {
        "code": "347391948",
        "label": "CHU63"
    },
    {
        "code": "349499558",
        "label": "YVELIN"
    },
    {
        "code": "349749325",
        "label": "MSANTE Mutuelle Familiale"
    },
    {
        "code": "352003776",
        "label": "MUTUELLE SETRAM"
    },
    {
        "code": "352291561",
        "label": "MUTUELLE MEUSREC"
    },
    {
        "code": "352358865",
        "label": "PACIFICA"
    },
    {
        "code": "352502546",
        "label": "MUTUELLE DU VAL DE SEVRE"
    },
    {
        "code": "352983118",
        "label": "INST NATIONALE DE PREVOYANCE R"
    },
    {
        "code": "379655541",
        "label": "Mutuelle MICOM"
    },
    {
        "code": "379655541",
        "label": "IDENTITES MUTUELLE"
    },
    {
        "code": "380114512",
        "label": "MGEC Mut Gle Empls Cadres CPAM"
    },
    {
        "code": "380155929",
        "label": "MUT PAYS VILAINE CARTE ALMERYS"
    },
    {
        "code": "380155929",
        "label": "Mutuelle des Pays de Vilaine"
    },
    {
        "code": "382046464",
        "label": "MUT NAT PERSNL ETS MICHELIN"
    },
    {
        "code": "382921575",
        "label": "UMS"
    },
    {
        "code": "384513073",
        "label": "MGPA"
    },
    {
        "code": "388035644",
        "label": "MUTUA GESTION"
    },
    {
        "code": "388035644",
        "label": "NEO SANTE"
    },
    {
        "code": "388065583",
        "label": "MPST"
    },
    {
        "code": "390730893",
        "label": "MUTUELLE OUEST FRANCE"
    },
    {
        "code": "390802619",
        "label": "MUTUELLE ASTURIENNE"
    },
    {
        "code": "390820058",
        "label": "MUTUELLE SCHNEIDER ELECTRIC"
    },
    {
        "code": "390967511",
        "label": "MUTUALIA ALLIANCE SANTE"
    },
    {
        "code": "391036183",
        "label": "MSPP"
    },
    {
        "code": "391322849",
        "label": "Mutuelle GROUPE LA DEPECHE"
    },
    {
        "code": "391322849",
        "label": "MUTUELLE DE LA DEPECHE"
    },
    {
        "code": "391399326",
        "label": "Mutuelle Entraide photo cine"
    },
    {
        "code": "391419363",
        "label": "MUTUELLE DE LA BRED"
    },
    {
        "code": "391526225",
        "label": "MUTUELLE SANTE EIFFAGE ENERGIE"
    },
    {
        "code": "392813218",
        "label": "UGIP CEC"
    },
    {
        "code": "394060925",
        "label": "ETERNIT"
    },
    {
        "code": "394535520",
        "label": "Mutuelle des Pays du Vaucluse"
    },
    {
        "code": "397547886",
        "label": "GIE GROUPE NATION"
    },
    {
        "code": "397547886",
        "label": "GIE Groupe Nation-ALMERYS"
    },
    {
        "code": "397742958",
        "label": "MUTUELLE DES HOSPITALIERS"
    },
    {
        "code": "401234240",
        "label": "MUTUALIA TERRITOIRES SOLIDAIRE"
    },
    {
        "code": "401285309",
        "label": "MUTUALIA GRAND OUEST"
    },
    {
        "code": "401679840",
        "label": "CCPMA PREVOYANCE"
    },
    {
        "code": "402430276",
        "label": "ECA CERGAP"
    },
    {
        "code": "403596265",
        "label": "MUTUALIA ALLIANCE SANTE"
    },
    {
        "code": "407879709",
        "label": "SMIE DU MORBIHAN CARTE ALMERYS"
    },
    {
        "code": "408975415",
        "label": "MUTUALIA TERRITOIRES SOLIDAIRE"
    },
    {
        "code": "412367724",
        "label": "DIOT SA"
    },
    {
        "code": "419049499",
        "label": "Mutieg"
    },
    {
        "code": "419049499",
        "label": "ENERGIE MUTUELLE"
    },
    {
        "code": "419542063",
        "label": "MSAE"
    },
    {
        "code": "423699990",
        "label": "MGTIC"
    },
    {
        "code": "423959295",
        "label": "AGRI PREVOYANCE"
    },
    {
        "code": "430169342",
        "label": "MUTUELLE CHS MONTPERRIN"
    },
    {
        "code": "430181123",
        "label": "MUTUELLE SNCM"
    },
    {
        "code": "431282581",
        "label": "SOLIMUT MPOS CARTE ALMERYS"
    },
    {
        "code": "431282581",
        "label": "MUTUELLE PERSONNEL DE LA SECU"
    },
    {
        "code": "431636703",
        "label": "MCTA"
    },
    {
        "code": "431643071",
        "label": "VOA"
    },
    {
        "code": "432162113",
        "label": "MUTUELLE ACRP"
    },
    {
        "code": "432446623",
        "label": "Mutuelle 93"
    },
    {
        "code": "432683787",
        "label": "MPS MUT DE PREV ET DE SANTE"
    },
    {
        "code": "433938081",
        "label": "MUROS"
    },
    {
        "code": "434243085",
        "label": "Mutuelle OCIANE"
    },
    {
        "code": "434243085",
        "label": "OCIANE CARTE ALMERYS"
    },
    {
        "code": "434243085",
        "label": "OCIANE MATMUT"
    },
    {
        "code": "438804312",
        "label": "Mut Entraide Mut Francaise"
    },
    {
        "code": "438804312",
        "label": "ENTRAIDE MUTUALITE FRANCAISE"
    },
    {
        "code": "440165041",
        "label": "LA BANQUE POSTALE ASSURANCE SA"
    },
    {
        "code": "440363588",
        "label": "MGEN Filia"
    },
    {
        "code": "441510765",
        "label": "AGIP SANTE"
    },
    {
        "code": "442224671",
        "label": "HARMONIE KALIXIA"
    },
    {
        "code": "442224671",
        "label": "HARMONIE CARTE ALMERYS"
    },
    {
        "code": "442224671",
        "label": "HARMONIE MUTUELLE 024"
    },
    {
        "code": "442224671",
        "label": "HARMONIE MUTUELLE 022"
    },
    {
        "code": "442224671",
        "label": "MPOSS"
    },
    {
        "code": "442224671",
        "label": "MEMF"
    },
    {
        "code": "442224671",
        "label": "SAFRAN MHV"
    },
    {
        "code": "442224671",
        "label": "SAFRAN MUTAERO"
    },
    {
        "code": "442224671",
        "label": "SAFRAN LMF"
    },
    {
        "code": "442224671",
        "label": "GRAND PORT MARITIME DU HAVRE"
    },
    {
        "code": "442224671",
        "label": "SMACEM"
    },
    {
        "code": "442224671",
        "label": "SAFRAN HARMONIE"
    },
    {
        "code": "442224671",
        "label": "SAFRAN MFTGS"
    },
    {
        "code": "442224671",
        "label": "MOS DIJON"
    },
    {
        "code": "442224671",
        "label": "MIASC"
    },
    {
        "code": "442224671",
        "label": "FRATERNELLE INTER ENTREPRISE"
    },
    {
        "code": "442224671",
        "label": "CITRAM"
    },
    {
        "code": "442224671",
        "label": "MUTUELLE SECURITE ASTURIENNE"
    },
    {
        "code": "442224671",
        "label": "SAFRAN MUTEST"
    },
    {
        "code": "442224671",
        "label": "ARGEDIS"
    },
    {
        "code": "442224671",
        "label": "SAFRAN SMPS"
    },
    {
        "code": "442224671",
        "label": "MUTUELLE DES SCOP"
    },
    {
        "code": "442224671",
        "label": "HARMONIE MUTUELLE"
    },
    {
        "code": "442224671",
        "label": "MUTUELLE OUEST FRANCE"
    },
    {
        "code": "442224671",
        "label": "MUTUELLE SCHNEIDER ELECTRIC"
    },
    {
        "code": "442224671",
        "label": "KEOLIS RENNES"
    },
    {
        "code": "442224671",
        "label": "MFTSV"
    },
    {
        "code": "442224671",
        "label": "TOTAL"
    },
    {
        "code": "442224671",
        "label": "SAFRAN OCIANE MATMUT"
    },
    {
        "code": "442438974",
        "label": "Mutuelle MUT SEINE"
    },
    {
        "code": "442449278",
        "label": "MVTE MUTVARTRAVAILLEURSETAT"
    },
    {
        "code": "442634564",
        "label": "MBPS"
    },
    {
        "code": "442763595",
        "label": "MUTUELLE DU PERSONNEL FMP"
    },
    {
        "code": "442820262",
        "label": "PREVOYANTE CHALONNAISE"
    },
    {
        "code": "442907127",
        "label": "ALMUTRA"
    },
    {
        "code": "442978086",
        "label": "PAVILLON PREVOYANCE"
    },
    {
        "code": "443098603",
        "label": "MHA"
    },
    {
        "code": "443267752",
        "label": "MGP AMIES"
    },
    {
        "code": "443885355",
        "label": "Mutuelle CYBELE SOLIDARITE"
    },
    {
        "code": "444000749",
        "label": "MUTUELLE ENTREPRISE GUILLERM"
    },
    {
        "code": "444042303",
        "label": "MUTACITE"
    },
    {
        "code": "444270730",
        "label": "MUTUELLE KEOLIS RENNES"
    },
    {
        "code": "444518492",
        "label": "MUTUALIA ALLIANCE SANTE"
    },
    {
        "code": "444590160",
        "label": "LAMIE"
    },
    {
        "code": "449571256",
        "label": "MUTUALIA TERRITOIRES SOLIDAIRE"
    },
    {
        "code": "499982098",
        "label": "MGEFI"
    },
    {
        "code": "503380081",
        "label": "UNEO"
    },
    {
        "code": "510204274",
        "label": "SANTIANE"
    },
    {
        "code": "510204274",
        "label": "NEOLIANE SANTIANE"
    },
    {
        "code": "529168007",
        "label": "KLESIA Mut'"
    },
    {
        "code": "529168007",
        "label": "UMC CARTE ALMERYS"
    },
    {
        "code": "602062481",
        "label": "GENERALI"
    },
    {
        "code": "750504789",
        "label": "IGA GESTION"
    },
    {
        "code": "775584980",
        "label": "VITTAVI"
    },
    {
        "code": "775597768",
        "label": "AMELLIS MUTUELLE"
    },
    {
        "code": "775606361",
        "label": "MNH"
    },
    {
        "code": "775627391",
        "label": "AESIO MUTUELLE EX APREVA"
    },
    {
        "code": "775627391",
        "label": "UNPMF APREVA"
    },
    {
        "code": "775641681",
        "label": "MUT EST CARTE ALMERYS"
    },
    {
        "code": "775641681",
        "label": "MUT EST"
    },
    {
        "code": "775659378",
        "label": "Mut Prevoyance Interpro"
    },
    {
        "code": "775659923",
        "label": "Mut AUDIENS presse spect com"
    },
    {
        "code": "775666332",
        "label": "MAEE"
    },
    {
        "code": "775671894",
        "label": "MGP SANTE"
    },
    {
        "code": "775671902",
        "label": "Mut de l Industrie du Petrole"
    },
    {
        "code": "775671902",
        "label": "GIE Groupe Nation-ALMERYS"
    },
    {
        "code": "775671951",
        "label": "AVENIR SANTE MUTUELLE"
    },
    {
        "code": "775671969",
        "label": "MPGR MUTUELLE RATP"
    },
    {
        "code": "775671993",
        "label": "VIASANTE"
    },
    {
        "code": "775678550",
        "label": "MUTUELLE GENERALE DES CHEMINOT"
    },
    {
        "code": "775678584",
        "label": "MNT"
    },
    {
        "code": "775685340",
        "label": "LA MUTUELLE GENERALE"
    },
    {
        "code": "775685365",
        "label": "INTERIALE"
    },
    {
        "code": "775685399",
        "label": "MGEN"
    },
    {
        "code": "775691181",
        "label": "MALAKOFF MEDERIC PREVOYANCE"
    },
    {
        "code": "775691181",
        "label": "MALAKOFF HUMANIS PREVOYANCE"
    },
    {
        "code": "775722655",
        "label": "MUTUELLE RENAULT"
    },
    {
        "code": "775778814",
        "label": "ViaSante centre gestCarcassonn"
    },
    {
        "code": "776090854",
        "label": "Mutuelle de Sete"
    },
    {
        "code": "776190308",
        "label": "ViaSante centre gest Perpignan"
    },
    {
        "code": "776346462",
        "label": "MUTUELLE DE FRANCE ROANNE"
    },
    {
        "code": "776398786",
        "label": "MIEL"
    },
    {
        "code": "776466963",
        "label": "BPCE MUTUELLE"
    },
    {
        "code": "776525610",
        "label": "MUTAME SAVOIE MONT BLANC"
    },
    {
        "code": "776905537",
        "label": "MUTUELLE DU REMPART"
    },
    {
        "code": "776950602",
        "label": "MUTUELLE MPOSS"
    },
    {
        "code": "776950602",
        "label": "MPOSS TOULOUSE CARTE ALMERYS"
    },
    {
        "code": "776950610",
        "label": "MUTUELLE MUTAERO"
    },
    {
        "code": "776950669",
        "label": "MUTUELLE PREVIFRANCE"
    },
    {
        "code": "776950677",
        "label": "MGTS"
    },
    {
        "code": "777927120",
        "label": "ViaSante centre gestion Brive"
    },
    {
        "code": "778213678",
        "label": "MUTUELLE MOS"
    },
    {
        "code": "778213678",
        "label": "M.O. SOCIAUX CARTE ALMERYS"
    },
    {
        "code": "778847301",
        "label": "SORUAL"
    },
    {
        "code": "778868513",
        "label": "LA PREVOYANCE"
    },
    {
        "code": "778900027",
        "label": "MUTUELLE COMPLEMENTAIRE ALSACE"
    },
    {
        "code": "778900027",
        "label": "UNPMF MUT COMP ALSACE"
    },
    {
        "code": "778900027",
        "label": "MCA"
    },
    {
        "code": "779076488",
        "label": "ViaSante centre gest Aurillac"
    },
    {
        "code": "779209436",
        "label": "MUTUELLE PRECOCIA"
    },
    {
        "code": "779926294",
        "label": "RVI 525E RENAULT TRUCKS"
    },
    {
        "code": "780004099",
        "label": "ACORIS MUTUELLES"
    },
    {
        "code": "780349924",
        "label": "AUBEANE MUTUELLE DE FRANCE"
    },
    {
        "code": "780429049",
        "label": "MUTUELLE DU CHAMPAGNE"
    },
    {
        "code": "780508073",
        "label": "CCMO MUTUELLE"
    },
    {
        "code": "780915898",
        "label": "Mutame & Plus"
    },
    {
        "code": "781166210",
        "label": "MUTUELLE 403 CARTE ALMERYS"
    },
    {
        "code": "781343249",
        "label": "SOLIMUT OCEAN CARTE ALMERYS"
    },
    {
        "code": "781848239",
        "label": "MUTUELLE CITRAM"
    },
    {
        "code": "782395511",
        "label": "Les Mutuelles du soleil"
    },
    {
        "code": "782395511",
        "label": "MUTUELLES DU SOLEIL"
    },
    {
        "code": "782416127",
        "label": "MUTUELLE DE FRANCE 04 05"
    },
    {
        "code": "782700181",
        "label": "MUTUELLE FRANCE RHONE ALPILLES"
    },
    {
        "code": "782723118",
        "label": "MUTUELLE CNM"
    },
    {
        "code": "782730923",
        "label": "MUTUELLE SAINTE VICTOIRE"
    },
    {
        "code": "782741649",
        "label": "MUTUELLE MARIGNANE  VITROLLES"
    },
    {
        "code": "782814727",
        "label": "Mutame Provence"
    },
    {
        "code": "782814818",
        "label": "FRANCE PLUS CARTE ALMERYS"
    },
    {
        "code": "782814818",
        "label": "SOLIMUT MUTUELLE DE FRANCE"
    },
    {
        "code": "782825301",
        "label": "MUTUELLE OCEANE SANTE"
    },
    {
        "code": "782825343",
        "label": "MUTUELLE DU LACYDON"
    },
    {
        "code": "782825368",
        "label": "MUTUELLE SERVICES PUBLICS"
    },
    {
        "code": "783005655",
        "label": "MUTUELLE DE LA CORSE"
    },
    {
        "code": "783169220",
        "label": "EMOA MUTUELLE DU VAR"
    },
    {
        "code": "783332414",
        "label": "SMUTIE SMACIV MFC"
    },
    {
        "code": "783332448",
        "label": "MGEL"
    },
    {
        "code": "783747793",
        "label": "Mutuelle Le Libre Choix"
    },
    {
        "code": "784117525",
        "label": "MACD"
    },
    {
        "code": "784227894",
        "label": "MCVPAP"
    },
    {
        "code": "784227894",
        "label": "Mutuelle complementaire des ag"
    },
    {
        "code": "784262115",
        "label": "MUTUELLE ST GERMAIN"
    },
    {
        "code": "784312860",
        "label": "MUTUELLE DE NATIXIS"
    },
    {
        "code": "784338618",
        "label": "MCEN"
    },
    {
        "code": "784360323",
        "label": "MUT DU PERSONNEL CCIP"
    },
    {
        "code": "784394363",
        "label": "CPAMIF CARTE ALMERYS"
    },
    {
        "code": "784394413",
        "label": "MFCF"
    },
    {
        "code": "784410771",
        "label": "MUTUELLE SMACEM"
    },
    {
        "code": "784410805",
        "label": "MUT PERSONNEL SOCIETE GENERALE"
    },
    {
        "code": "784410805",
        "label": "MSG"
    },
    {
        "code": "784410805",
        "label": "Mut pers grpe Societe Generale"
    },
    {
        "code": "784411134",
        "label": "CPCEA"
    },
    {
        "code": "784442923",
        "label": "La Solidarite Mutualiste"
    },
    {
        "code": "784442923",
        "label": "SOLIDARITE MUTUALISTE ALMERYS"
    },
    {
        "code": "784492084",
        "label": "GROUPE FRANCE MUTUELLE"
    },
    {
        "code": "784621476",
        "label": "Mutuelle  Civile de la Defense"
    },
    {
        "code": "784669954",
        "label": "SMI CARTE ALMERYS"
    },
    {
        "code": "784718249",
        "label": "SIMIRP"
    },
    {
        "code": "784718256",
        "label": "Malakoff Humanis Mutuelle"
    },
    {
        "code": "784718256",
        "label": "MALAKOFF MEDERIC MUTUELLE"
    },
    {
        "code": "785304106",
        "label": "SM MCPLE BOULOGNE BILLANCOURT"
    },
    {
        "code": "785476003",
        "label": "MUTUELLE GENERALE SANTE"
    },
    {
        "code": "785721671",
        "label": "SMIRSEP"
    },
    {
        "code": "788108546",
        "label": "MUTUELLE MUCS"
    },
    {
        "code": "788998078",
        "label": "MUTUA GESTION"
    },
    {
        "code": "812893295",
        "label": "ACTUDATA"
    },
    {
        "code": "401687",
        "label": "KLESIAMUT"
    }
]